[
    {
        "name": "id",
        "dbType": "uuid",
        "htmlType": null,
        "validations": null,
        "searchable": false,
        "fillable": false,
        "primary": true,
        "inForm": false,
        "inIndex": false,
        "inView": false
    },
    {
        "name": "loggable",
        "dbType": "morphs",
        "htmlType": null,
        "validations": null,
        "searchable": false,
        "fillable": true,
        "primary": false,
        "inForm": false,
        "inIndex": false,
        "inView": true
    },
    {
        "name": "user_agent",
        "dbType": "text",
        "htmlType": null,
        "validations": null,
        "searchable": false,
        "fillable": true,
        "primary": false,
        "inForm": false,
        "inIndex": true,
        "inView": true
    },
    {
        "name": "ip_address",
        "dbType": "string",
        "htmlType": null,
        "validations": null,
        "searchable": false,
        "fillable": true,
        "primary": false,
        "inForm": false,
        "inIndex": false,
        "inView": true
    },
    {
        "name": "log",
        "dbType": "text",
        "htmlType": null,
        "validations": null,
        "searchable": false,
        "fillable": true,
        "primary": false,
        "inForm": false,
        "inIndex": true,
        "inView": true
    },
    {
        "name": "created_at",
        "dbType": "timestamp",
        "htmlType": null,
        "validations": null,
        "searchable": false,
        "fillable": false,
        "primary": false,
        "inForm": false,
        "inIndex": false,
        "inView": true
    },
    {
        "name": "updated_at",
        "dbType": "timestamp",
        "htmlType": null,
        "validations": null,
        "searchable": false,
        "fillable": false,
        "primary": false,
        "inForm": false,
        "inIndex": false,
        "inView": true
    }
]
