[
    {
        "name": "discount_id",
        "dbType": "foreignId:constrained",
        "htmlType": "selectTable:discounts:judul,id",
        "validations": "required",
        "searchable": false,
        "fillable": false,
        "primary": true,
        "inForm": false,
        "inIndex": false,
        "inView": false,
        "relation": "mt1,Discount"
    },
    {
        "name": "product_id",
        "dbType": "foreignId:constrained",
        "htmlType": "selectTable:products:nama,id",
        "validations": "required",
        "searchable": false,
        "fillable": false,
        "primary": true,
        "inForm": false,
        "inIndex": false,
        "inView": false,
        "relation": "mt1,Product"
    },
    {
        "name": "diskon_harga",
        "dbType": "integer",
        "htmlType": "number",
        "validations": "required|integer",
        "searchable": false,
        "fillable": true,
        "primary": false,
        "inForm": true,
        "inIndex": true,
        "inView": true
    },
    {
        "name": "minimal_produk",
        "dbType": "integer:nullable",
        "htmlType": "number",
        "validations": "nullable|numeric",
        "searchable": false,
        "fillable": true,
        "primary": false,
        "inForm": true,
        "inIndex": true,
        "inView": true
    },
    {
        "name": "maksimal_produk",
        "dbType": "integer:nullable",
        "htmlType": "number",
        "validations": "nullable|numeric",
        "searchable": false,
        "fillable": true,
        "primary": false,
        "inForm": true,
        "inIndex": true,
        "inView": true
    }
]
