[
    {
        "name": "order_id",
        "dbType": "foreignId:constrained",
        "htmlType": "selectTable:orders:nomor,id",
        "validations": "required",
        "searchable": false,
        "fillable": false,
        "primary": true,
        "inForm": false,
        "inIndex": false,
        "inView": false,
        "relation": "mt1,Order"
    },
    {
        "name": "product_id",
        "dbType": "foreignId:constrained",
        "htmlType": "selectTable:carts:nama,id",
        "validations": "required",
        "searchable": false,
        "fillable": false,
        "primary": true,
        "inForm": false,
        "inIndex": false,
        "inView": false,
        "relation": "mt1,Product"
    },
    {
        "name": "color_id",
        "dbType": "foreignId:constrained",
        "htmlType": "selectTable:colors:nama:id",
        "validations": "required",
        "searchable": false,
        "fillable": true,
        "primary": false,
        "inForm": true,
        "inIndex": true,
        "inView": true,
        "relation": "mt1,Color"
    },
    {
        "name": "size_id",
        "dbType": "foreignId:constrained",
        "htmlType": "selectTable:sizes:nama:id",
        "validations": "required",
        "searchable": false,
        "fillable": true,
        "primary": false,
        "inForm": true,
        "inIndex": true,
        "inView": true,
        "relation": "mt1,Size"
    },
    {
        "name": "dimension_id",
        "dbType": "foreignId:constrained",
        "htmlType": "selectTable:dimensions:nama:id",
        "validations": "required",
        "searchable": false,
        "fillable": true,
        "primary": false,
        "inForm": true,
        "inIndex": true,
        "inView": true,
        "relation": "mt1,Dimensions"
    },
    {
        "name": "jumlah",
        "dbType": "integer",
        "htmlType": "number",
        "validations": "required|numeric",
        "searchable": false,
        "fillable": true,
        "primary": false,
        "inForm": true,
        "inIndex": true,
        "inView": true
    },
    {
        "name": "subtotal",
        "dbType": "integer",
        "htmlType": "number",
        "validations": "required|integer",
        "searchable": false,
        "fillable": true,
        "primary": false,
        "inForm": true,
        "inIndex": true,
        "inView": true
    }
]
