[
    {
        "name": "id",
        "dbType": "id",
        "htmlType": null,
        "validations": null,
        "searchable": false,
        "fillable": false,
        "primary": true,
        "inForm": false,
        "inIndex": false,
        "inView": false
    },
    {
        "name": "nama",
        "dbType": "string",
        "htmlType": "text",
        "validations": "required|string",
        "searchable": false,
        "fillable": true,
        "primary": false,
        "inForm": true,
        "inIndex": true,
        "inView": true
    },
    {
        "name": "deskripsi",
        "dbType": "longtext",
        "htmlType": "textarea",
        "validations": "required|string",
        "searchable": false,
        "fillable": true,
        "primary": false,
        "inForm": true,
        "inIndex": true,
        "inView": true
    },
    {
        "name": "harga_customer",
        "dbType": "integer",
        "htmlType": "number",
        "validations": "required|numeric",
        "searchable": false,
        "fillable": true,
        "primary": false,
        "inForm": true,
        "inIndex": true,
        "inView": true
    },
    {
        "name": "harga_reseller",
        "dbType": "integer",
        "htmlType": "number",
        "validations": "required|numeric",
        "searchable": false,
        "fillable": true,
        "primary": false,
        "inForm": true,
        "inIndex": true,
        "inView": true
    },
    {
        "name": "reseller_minimum",
        "dbType": "integer",
        "htmlType": "number",
        "validations": "required|numeric",
        "searchable": false,
        "fillable": true,
        "primary": false,
        "inForm": true,
        "inIndex": true,
        "inView": true
    },
    {
        "name": "suka",
        "dbType": "integer:default,0",
        "htmlType": "number",
        "validations": "nullable|numeric",
        "searchable": false,
        "fillable": true,
        "primary": false,
        "inForm": true,
        "inIndex": true,
        "inView": true
    },
    {
        "name": "slug",
        "dbType": "string:nullable",
        "htmlType": null,
        "validations": "nullable",
        "searchable": false,
        "fillable": true,
        "primary": false,
        "inForm": false,
        "inIndex": true,
        "inView": true
    },
    {
        "name": "category_id",
        "dbType": "foreignId:constrained",
        "htmlType": "selectTable:categories:nama,id",
        "validations": "required",
        "searchable": false,
        "fillable": true,
        "primary": false,
        "inForm": true,
        "inIndex": true,
        "inView": true,
        "relation": "mt1,Category"
    },
    {
        "name": "created_at",
        "dbType": "timestamp",
        "htmlType": null,
        "validations": null,
        "searchable": false,
        "fillable": false,
        "primary": false,
        "inForm": false,
        "inIndex": false,
        "inView": true
    },
    {
        "name": "updated_at",
        "dbType": "timestamp",
        "htmlType": null,
        "validations": null,
        "searchable": false,
        "fillable": false,
        "primary": false,
        "inForm": false,
        "inIndex": false,
        "inView": true
    },
    {
        "type": "relation",
        "relation": "mtm,Cart,cart_details"
    },
    {
        "type": "relation",
        "relation": "mtm,Order,order_details"
    },
    {
        "type": "relation",
        "relation": "mtm,Discount,discount_details"
    },
    {
        "type": "relation",
        "relation": "1tm,ProductStock"
    }
]
