[
    {
        "name": "id",
        "dbType": "id",
        "htmlType": null,
        "validations": null,
        "searchable": false,
        "fillable": false,
        "primary": true,
        "inForm": false,
        "inIndex": false,
        "inView": false
    },
    {
        "name": "product_id",
        "dbType": "foreignId:constrained",
        "htmlType": "selectTable:products:nama,id",
        "validations": "required",
        "searchable": false,
        "fillable": true,
        "primary": false,
        "inForm": true,
        "inIndex": true,
        "inView": true,
        "relation": "mt1,Product"
    },
    {
        "name": "colour_id",
        "dbType": "foreignId:constrained",
        "htmlType": "selectTable:colours:nama:id",
        "validations": "required",
        "searchable": false,
        "fillable": true,
        "primary": false,
        "inForm": true,
        "inIndex": true,
        "inView": true,
        "relation": "mt1,Colour"
    },
    {
        "name": "size_id",
        "dbType": "foreignId:constrained",
        "htmlType": "selectTable:sizes:nama:id",
        "validations": "required",
        "searchable": false,
        "fillable": true,
        "primary": false,
        "inForm": true,
        "inIndex": true,
        "inView": true,
        "relation": "mt1,Size"
    },
    {
        "name": "dimension_id",
        "dbType": "foreignId:constrained",
        "htmlType": "selectTable:dimensions:nama:id",
        "validations": "required",
        "searchable": false,
        "fillable": true,
        "primary": false,
        "inForm": true,
        "inIndex": true,
        "inView": true,
        "relation": "mt1,Dimensions"
    },
    {
        "name": "stok_ready",
        "dbType": "integer",
        "htmlType": "number",
        "validations": "required",
        "searchable": false,
        "fillable": true,
        "primary": false,
        "inForm": true,
        "inIndex": true,
        "inView": true
    },
    {
        "name": "created_at",
        "dbType": "timestamp",
        "htmlType": null,
        "validations": null,
        "searchable": false,
        "fillable": false,
        "primary": false,
        "inForm": false,
        "inIndex": false,
        "inView": true
    },
    {
        "name": "updated_at",
        "dbType": "timestamp",
        "htmlType": null,
        "validations": null,
        "searchable": false,
        "fillable": false,
        "primary": false,
        "inForm": false,
        "inIndex": false,
        "inView": true
    }
]
