[
    {
        "name": "id",
        "dbType": "id",
        "htmlType": null,
        "validations": null,
        "searchable": false,
        "fillable": false,
        "primary": true,
        "inForm": false,
        "inIndex": false,
        "inView": false
    },
    {
        "name": "spending_id",
        "dbType": "foreignId:constrained",
        "htmlType": "selectTable:spendings:nomor,id",
        "validations": "required",
        "searchable": false,
        "fillable": false,
        "primary": true,
        "inForm": false,
        "inIndex": false,
        "inView": false,
        "relation": "mt1,Spending"
    },
    {
        "name": "subtotal",
        "dbType": "integer",
        "htmlType": "number",
        "validations": "required|numeric",
        "searchable": false,
        "fillable": true,
        "primary": false,
        "inForm": true,
        "inIndex": true,
        "inView": true
    }
]
