[
    {
        "name": "id",
        "dbType": "id",
        "htmlType": null,
        "validations": null,
        "searchable": false,
        "fillable": false,
        "primary": true,
        "inForm": false,
        "inIndex": false,
        "inView": false
    },
    {
        "name": "product_id",
        "dbType": "foreignId:constrained",
        "htmlType": "selectTable:products:nama,id",
        "validations": "required|integer",
        "searchable": false,
        "fillable": true,
        "primary": false,
        "inForm": true,
        "inIndex": false,
        "inView": true,
        "relation": "mt1,Product"
    },
    {
        "name": "user_id",
        "dbType": "foreignId:constrained",
        "htmlType": "selectTable:users:name,id",
        "validations": "required|integer",
        "searchable": false,
        "fillable": true,
        "primary": false,
        "inForm": true,
        "inIndex": false,
        "inView": false,
        "relation": "mt1,User"
    },
    {
        "name": "judul",
        "dbType": "string",
        "htmlType": "text",
        "validations": "nullable",
        "searchable": true,
        "fillable": true,
        "primary": false,
        "inForm": true,
        "inIndex": true,
        "inView": true
    },
    {
        "name": "isi",
        "dbType": "longText",
        "htmlType": "textarea",
        "validations": "nullable|required_unless:judul,null",
        "searchable": true,
        "fillable": true,
        "primary": false,
        "inForm": true,
        "inIndex": true,
        "inView": true
    },
    {
        "name": "review",
        "dbType": "integer",
        "htmlType": "radio,1:satu,2:dua,3:tiga,4:empat,5:lima",
        "validations": "required",
        "searchable": true,
        "fillable": true,
        "primary": false,
        "inForm": true,
        "inIndex": true,
        "inView": true
    },
    {
        "name": "created_at",
        "dbType": "timestamp",
        "htmlType": null,
        "validations": null,
        "searchable": false,
        "fillable": false,
        "primary": false,
        "inForm": false,
        "inIndex": false,
        "inView": true
    },
    {
        "name": "updated_at",
        "dbType": "timestamp",
        "htmlType": null,
        "validations": null,
        "searchable": false,
        "fillable": false,
        "primary": false,
        "inForm": false,
        "inIndex": false,
        "inView": true
    }
]