[
    {
        "name": "id",
        "dbType": "id",
        "htmlType": null,
        "validations": null,
        "searchable": false,
        "fillable": false,
        "primary": true,
        "inForm": false,
        "inIndex": false,
        "inView": false
    },
    {
        "name": "user_id",
        "dbType": "foreignId:constrained",
        "htmlType": "selectTable:users:name,id",
        "validations": "required",
        "searchable": false,
        "fillable": true,
        "primary": false,
        "inForm": true,
        "inIndex": true,
        "inView": true,
        "relation": "mt1,User"
    },
    {
        "name": "result_token",
        "dbType": "text",
        "htmlType": "textarea",
        "validations": "nullable|string",
        "searchable": false,
        "fillable": true,
        "primary": false,
        "inForm": true,
        "inIndex": true,
        "inView": true
    },
    {
        "name": "similarity",
        "dbType": "double",
        "htmlType": null,
        "validations": "nullable",
        "searchable": false,
        "fillable": true,
        "primary": false,
        "inForm": false,
        "inIndex": true,
        "inView": true
    },
    {
        "name": "accuracy",
        "dbType": "double",
        "htmlType": null,
        "validations": "nullable",
        "searchable": false,
        "fillable": true,
        "primary": false,
        "inForm": false,
        "inIndex": true,
        "inView": true
    },
    {
        "name": "created_at",
        "dbType": "timestamp",
        "htmlType": null,
        "validations": null,
        "searchable": false,
        "fillable": false,
        "primary": false,
        "inForm": false,
        "inIndex": false,
        "inView": true
    },
    {
        "name": "updated_at",
        "dbType": "timestamp",
        "htmlType": null,
        "validations": null,
        "searchable": false,
        "fillable": false,
        "primary": false,
        "inForm": false,
        "inIndex": false,
        "inView": true
    }
]
