[
    {
        "name": "cart_id",
        "dbType": "foreignId:constrained",
        "htmlType": "selectTable:carts:judul,id",
        "validations": "required",
        "searchable": false,
        "fillable": false,
        "primary": true,
        "inForm": false,
        "inIndex": false,
        "inView": false,
        "relation": "mt1,Cart"
    },
    {
        "name": "product_id",
        "dbType": "foreignId:constrained",
        "htmlType": "selectTable:products:nama,id",
        "validations": "required",
        "searchable": false,
        "fillable": false,
        "primary": true,
        "inForm": false,
        "inIndex": false,
        "inView": false,
        "relation": "mt1,Product"
    },
    {
        "name": "colour_id",
        "dbType": "foreignId:constrained",
        "htmlType": "selectTable:colours:nama:id",
        "validations": "required",
        "searchable": true,
        "fillable": true,
        "primary": false,
        "inForm": true,
        "inIndex": true,
        "inView": true,
        "relation": "mt1,Colour"
    },
    {
        "name": "size_id",
        "dbType": "foreignId:constrained",
        "htmlType": "selectTable:sizes:nama:id",
        "validations": "required",
        "searchable": true,
        "fillable": true,
        "primary": false,
        "inForm": true,
        "inIndex": true,
        "inView": true,
        "relation": "mt1,Size"
    },
    {
        "name": "dimension_id",
        "dbType": "foreignId:constrained",
        "htmlType": "selectTable:dimensions:nama:id",
        "validations": "required",
        "searchable": true,
        "fillable": true,
        "primary": false,
        "inForm": true,
        "inIndex": true,
        "inView": true,
        "relation": "mt1,Dimensions"
    },
    {
        "name": "jumlah",
        "dbType": "integer",
        "htmlType": "number",
        "validations": "required|numeric",
        "searchable": true,
        "fillable": true,
        "primary": false,
        "inForm": true,
        "inIndex": true,
        "inView": true
    },
    {
        "name": "subtotal",
        "dbType": "integer",
        "htmlType": "number",
        "validations": "required|integer",
        "searchable": true,
        "fillable": true,
        "primary": false,
        "inForm": true,
        "inIndex": true,
        "inView": true
    }
]
