[
    {
        "name": "id",
        "dbType": "uuid",
        "htmlType": null,
        "validations": null,
        "searchable": false,
        "fillable": false,
        "primary": true,
        "inForm": false,
        "inIndex": false,
        "inView": false
    },
    {
        "name": "name",
        "dbType": "string",
        "htmlType": "text",
        "validations": null,
        "searchable": true,
        "fillable": true,
        "primary": false,
        "inForm": true,
        "inIndex": true,
        "inView": true
    },
    {
        "name": "fileable",
        "dbType": "morphs",
        "htmlType": null,
        "validations": null,
        "searchable": true,
        "fillable": true,
        "primary": false,
        "inForm": false,
        "inIndex": false,
        "inView": true
    },
    {
        "name": "mime_type",
        "dbType": "string",
        "htmlType": null,
        "validations": null,
        "searchable": true,
        "fillable": true,
        "primary": false,
        "inForm": false,
        "inIndex": true,
        "inView": true
    },
    {
        "name": "format",
        "dbType": "string",
        "htmlType": null,
        "validations": null,
        "searchable": true,
        "fillable": true,
        "primary": false,
        "inForm": false,
        "inIndex": true,
        "inView": true
    },
    {
        "name": "size",
        "dbType": "string",
        "htmlType": null,
        "validations": null,
        "searchable": true,
        "fillable": true,
        "primary": false,
        "inForm": false,
        "inIndex": true,
        "inView": true
    },
    {
        "name": "path",
        "dbType": "string:nullable",
        "htmlType": null,
        "validations": "nullable",
        "searchable": true,
        "fillable": true,
        "primary": false,
        "inForm": false,
        "inIndex": true,
        "inView": true
    },
    {
        "name": "url",
        "dbType": "string:nullable",
        "htmlType": null,
        "validations": "nullable",
        "searchable": true,
        "fillable": true,
        "primary": false,
        "inForm": false,
        "inIndex": true,
        "inView": true
    },
    {
        "name": "created_at",
        "dbType": "timestamp",
        "htmlType": null,
        "validations": null,
        "searchable": false,
        "fillable": false,
        "primary": false,
        "inForm": false,
        "inIndex": false,
        "inView": true
    },
    {
        "name": "updated_at",
        "dbType": "timestamp",
        "htmlType": null,
        "validations": null,
        "searchable": false,
        "fillable": false,
        "primary": false,
        "inForm": false,
        "inIndex": false,
        "inView": true
    },
    {
        "type": "relation",
        "relation": "1tm,FileThumb"
    }
]
