[
    {
        "name": "id",
        "dbType": "id",
        "htmlType": null,
        "validations": null,
        "searchable": false,
        "fillable": false,
        "primary": true,
        "inForm": false,
        "inIndex": false,
        "inView": false
    },
    {
        "name": "judul",
        "dbType": "string",
        "htmlType": "text",
        "validations": "required",
        "searchable": true,
        "fillable": true,
        "primary": false,
        "inForm": true,
        "inIndex": true,
        "inView": true
    },
    {
        "name": "deskripsi",
        "dbType": "longtext:nullable",
        "htmlType": "textarea",
        "validations": "nullable",
        "searchable": true,
        "fillable": true,
        "primary": false,
        "inForm": true,
        "inIndex": true,
        "inView": true
    },
    {
        "name": "is_import",
        "dbType": "boolean:nullable",
        "htmlType": "checkbox,1",
        "validations": "nullable",
        "searchable": true,
        "fillable": true,
        "primary": false,
        "inForm": true,
        "inIndex": true,
        "inView": true
    },
    {
        "name": "slug",
        "dbType": "string:nullable",
        "htmlType": null,
        "validations": "nullable",
        "searchable": true,
        "fillable": true,
        "primary": false,
        "inForm": false,
        "inIndex": true,
        "inView": true
    },
    {
        "name": "user_id",
        "dbType": "unsignedBigInteger:foreign,users,id",
        "htmlType": "selectTable:users:name,id",
        "validations": "required",
        "searchable": false,
        "fillable": true,
        "primary": false,
        "inForm": true,
        "inIndex": true,
        "inView": true,
        "relation": "mt1,User"
    },
    {
        "name": "created_at",
        "dbType": "timestamp",
        "htmlType": null,
        "validations": null,
        "searchable": false,
        "fillable": false,
        "primary": false,
        "inForm": false,
        "inIndex": false,
        "inView": true
    },
    {
        "name": "updated_at",
        "dbType": "timestamp",
        "htmlType": null,
        "validations": null,
        "searchable": false,
        "fillable": false,
        "primary": false,
        "inForm": false,
        "inIndex": false,
        "inView": true
    }
]
