[
    {
        "name": "transaction_id",
        "dbType": "foreignId:constrained",
        "htmlType": "selectTable:transactions:nomor,id",
        "validations": "required",
        "searchable": false,
        "fillable": false,
        "primary": true,
        "inForm": false,
        "inIndex": false,
        "inView": false,
        "relation": "mt1,Transaction"
    },
    {
        "name": "order_id",
        "dbType": "foreignId:constrained",
        "htmlType": "selectTable:orders:nomor_order,id",
        "validations": "required",
        "searchable": false,
        "fillable": false,
        "primary": true,
        "inForm": false,
        "inIndex": false,
        "inView": false,
        "relation": "mt1,Order"
    },
    {
        "name": "sub_total",
        "dbType": "integer",
        "htmlType": "number",
        "validations": "required|numeric",
        "searchable": true,
        "fillable": true,
        "primary": false,
        "inForm": true,
        "inIndex": true,
        "inView": true
    }
]
